Country Name,Country Code,Indicator Name,Indicator Code,2016,2017,2018,2019,2020
Aruba,ABW,"GDP per capita, PPP (current international $)",NY.GDP.PCAP.PP.CD,37585.02508,38897.12267,,,
Africa Eastern and Southern,AFE,"GDP per capita, PPP (current international $)",NY.GDP.PCAP.PP.CD,3620.921502,3697.459305,3786.35731,3836.57143,3677.111255
Afghanistan,AFG,"GDP per capita, PPP (current international $)",NY.GDP.PCAP.PP.CD,1981.118069,2058.400221,2082.635648,2152.366489,2077.874554
Africa Western and Central,AFW,"GDP per capita, PPP (current international $)",NY.GDP.PCAP.PP.CD,4069.005667,4115.64548,4231.815774,4335.199547,4240.534782
Angola,AGO,"GDP per capita, PPP (current international $)",NY.GDP.PCAP.PP.CD,7103.226431,7310.896589,7099.971958,6952.419362,6443.03268
Albania,ALB,"GDP per capita, PPP (current international $)",NY.GDP.PCAP.PP.CD,12078.79974,12770.971,13554.89895,14336.77302,13899.93398
Andorra,AND,"GDP per capita, PPP (current international $)",NY.GDP.PCAP.PP.CD,,,,,
Arab World,ARB,"GDP per capita, PPP (current international $)",NY.GDP.PCAP.PP.CD,13643.34477,14158.44404,14593.96287,14888.6399,14067.95084
United Arab Emirates,ARE,"GDP per capita, PPP (current international $)",NY.GDP.PCAP.PP.CD,63968.88804,67183.60531,68576.11552,71150.54214,66746.63494
Argentina,ARG,"GDP per capita, PPP (current international $)",NY.GDP.PCAP.PP.CD,20307.87005,23597.11775,23293.39863,22999.27505,20762.99168
Armenia,ARM,"GDP per capita, PPP (current international $)",NY.GDP.PCAP.PP.CD,10704.22976,12115.13929,13020.39632,14231.18019,13307.15661
American Samoa,ASM,"GDP per capita, PPP (current international $)",NY.GDP.PCAP.PP.CD,,,,,
Antigua and Barbuda,ATG,"GDP per capita, PPP (current international $)",NY.GDP.PCAP.PP.CD,19920.26578,19840.28404,21521.88505,22774.1742,18235.07517
Australia,AUS,"GDP per capita, PPP (current international $)",NY.GDP.PCAP.PP.CD,47255.30701,48398.5497,50100.22467,52030.64391,52397.38705
Austria,AUT,"GDP per capita, PPP (current international $)",NY.GDP.PCAP.PP.CD,52684.01711,54172.98679,57059.53894,58641.29812,55648.87456
Azerbaijan,AZE,"GDP per capita, PPP (current international $)",NY.GDP.PCAP.PP.CD,14371.02274,14121.40694,14550.76282,15052.79387,14474.31336
Burundi,BDI,"GDP per capita, PPP (current international $)",NY.GDP.PCAP.PP.CD,796.9440834,773.5728587,779.8081757,783.4519832,770.8760716
Belgium,BEL,"GDP per capita, PPP (current international $)",NY.GDP.PCAP.PP.CD,48597.39998,50442.27054,52623.55967,54918.1662,52626.58164
Benin,BEN,"GDP per capita, PPP (current international $)",NY.GDP.PCAP.PP.CD,3004.807805,3044.517156,3236.670417,3426.329654,3504.118981
Burkina Faso,BFA,"GDP per capita, PPP (current international $)",NY.GDP.PCAP.PP.CD,1895.295066,2044.386987,2168.662213,2267.506638,2273.170019
Bangladesh,BGD,"GDP per capita, PPP (current international $)",NY.GDP.PCAP.PP.CD,3848.957664,4160.703325,4547.480016,4954.761848,5136.739645
Bulgaria,BGR,"GDP per capita, PPP (current international $)",NY.GDP.PCAP.PP.CD,20074.2857,21469.93915,22957.40013,24707.0626,24619.95089
Bahrain,BHR,"GDP per capita, PPP (current international $)",NY.GDP.PCAP.PP.CD,44768.97091,47709.77802,47503.06194,47228.10004,43739.56152
"Bahamas, The",BHS,"GDP per capita, PPP (current international $)",NY.GDP.PCAP.PP.CD,34338.51956,35917.75703,37416.97226,37973.24725,32526.45224
Bosnia and Herzegovina,BIH,"GDP per capita, PPP (current international $)",NY.GDP.PCAP.PP.CD,13072.13224,13753.83162,14916.78501,15847.13404,15732.83572
Belarus,BLR,"GDP per capita, PPP (current international $)",NY.GDP.PCAP.PP.CD,17785.9432,18356.10077,19430.27877,20094.52581,20231.66501
Belize,BLZ,"GDP per capita, PPP (current international $)",NY.GDP.PCAP.PP.CD,7236.930959,7193.63431,7436.046107,7558.567917,6455.231821
Bermuda,BMU,"GDP per capita, PPP (current international $)",NY.GDP.PCAP.PP.CD,76362.05141,81834.95587,83377.06467,85263.763,80799.51694
Bolivia,BOL,"GDP per capita, PPP (current international $)",NY.GDP.PCAP.PP.CD,7499.772741,8423.697558,8863.349161,9093.431659,8272.409814
Brazil,BRA,"GDP per capita, PPP (current international $)",NY.GDP.PCAP.PP.CD,14256.16339,14524.61354,15020.43822,15388.23492,14829.89042
Barbados,BRB,"GDP per capita, PPP (current international $)",NY.GDP.PCAP.PP.CD,15951.95868,15789.04116,16051.25581,16300.42221,13344.59918
Brunei Darussalam,BRN,"GDP per capita, PPP (current international $)",NY.GDP.PCAP.PP.CD,56297.22671,60994.53156,61839.11757,64724.13243,65588.26877
Bhutan,BTN,"GDP per capita, PPP (current international $)",NY.GDP.PCAP.PP.CD,10457.24438,11142.47467,11620.9159,12366.52648,11126.07149
Botswana,BWA,"GDP per capita, PPP (current international $)",NY.GDP.PCAP.PP.CD,16638.5205,15948.03202,16611.90439,17039.26219,15452.72611
Central African Republic,CAF,"GDP per capita, PPP (current international $)",NY.GDP.PCAP.PP.CD,851.0726713,912.8030453,955.5137443,985.1120414,987.276727
Canada,CAN,"GDP per capita, PPP (current international $)",NY.GDP.PCAP.PP.CD,46472.34025,48317.09658,50239.99105,50660.57779,48090.99217
Central Europe and the Baltics,CEB,"GDP per capita, PPP (current international $)",NY.GDP.PCAP.PP.CD,27874.95637,29901.29917,31928.21189,34210.67006,33885.23566
Switzerland,CHE,"GDP per capita, PPP (current international $)",NY.GDP.PCAP.PP.CD,68105.15498,69103.57026,71671.51508,73143.75816,71760.58621
Channel Islands,CHI,"GDP per capita, PPP (current international $)",NY.GDP.PCAP.PP.CD,,,,,
Chile,CHL,"GDP per capita, PPP (current international $)",NY.GDP.PCAP.PP.CD,23437.59253,24470.70362,24740.49615,25974.73164,25067.6916
China,CHN,"GDP per capita, PPP (current international $)",NY.GDP.PCAP.PP.CD,13483.37727,14243.53261,15497.35999,16653.33884,17204.35583
Cote d'Ivoire,CIV,"GDP per capita, PPP (current international $)",NY.GDP.PCAP.PP.CD,4726.98074,4830.750515,5154.331702,5432.992608,5463.479259
Cameroon,CMR,"GDP per capita, PPP (current international $)",NY.GDP.PCAP.PP.CD,3527.165372,3665.117851,3800.971267,3901.14196,3866.079027
"Congo, Dem. Rep.",COD,"GDP per capita, PPP (current international $)",NY.GDP.PCAP.PP.CD,963.6692722,1059.810762,1111.96579,1144.381029,1141.393934
"Congo, Rep.",COG,"GDP per capita, PPP (current international $)",NY.GDP.PCAP.PP.CD,3839.9616,4234.659883,4022.748814,3987.490158,3620.968297
Colombia,COL,"GDP per capita, PPP (current international $)",NY.GDP.PCAP.PP.CD,13812.09606,14171.3205,14865.89324,15621.08737,14570.23674
Comoros,COM,"GDP per capita, PPP (current international $)",NY.GDP.PCAP.PP.CD,2863.852044,3032.262133,3146.901748,3188.175462,3151.957145
Cabo Verde,CPV,"GDP per capita, PPP (current international $)",NY.GDP.PCAP.PP.CD,6322.913234,6643.179892,7028.993091,7475.12252,6374.267776
Costa Rica,CRI,"GDP per capita, PPP (current international $)",NY.GDP.PCAP.PP.CD,19075.00447,20347.03477,21022.76519,21833.96661,21143.34282
Caribbean small states,CSS,"GDP per capita, PPP (current international $)",NY.GDP.PCAP.PP.CD,15154.50324,15737.80411,16337.57326,16651.25782,15620.72991
Cuba,CUB,"GDP per capita, PPP (current international $)",NY.GDP.PCAP.PP.CD,,,,,
Curacao,CUW,"GDP per capita, PPP (current international $)",NY.GDP.PCAP.PP.CD,24808.40367,25475.48966,25656.45853,25530.20687,21405.85052
Cayman Islands,CYM,"GDP per capita, PPP (current international $)",NY.GDP.PCAP.PP.CD,66639.55106,69753.08972,73507.56952,76747.66631,71567.38081
Cyprus,CYP,"GDP per capita, PPP (current international $)",NY.GDP.PCAP.PP.CD,35719.06637,38050.85774,40476.38627,41514.51051,38458.19126
Czech Republic,CZE,"GDP per capita, PPP (current international $)",NY.GDP.PCAP.PP.CD,36097.70526,38824.88792,41134.08988,43316.32744,42049.18595
Germany,DEU,"GDP per capita, PPP (current international $)",NY.GDP.PCAP.PP.CD,50579.68393,53071.45557,55142.31878,56284.98052,54263.64961
Djibouti,DJI,"GDP per capita, PPP (current international $)",NY.GDP.PCAP.PP.CD,4692.550689,4885.205039,5339.261075,5768.83109,5779.60987
Dominica,DMA,"GDP per capita, PPP (current international $)",NY.GDP.PCAP.PP.CD,11949.53406,11304.04333,11804.34586,12892.0211,10849.18676
Denmark,DNK,"GDP per capita, PPP (current international $)",NY.GDP.PCAP.PP.CD,51976.00571,55356.68078,57456.61183,59896.5675,60551.64017
Dominican Republic,DOM,"GDP per capita, PPP (current international $)",NY.GDP.PCAP.PP.CD,16109.86367,16735.36442,18137.0524,19191.58039,17928.97707
Algeria,DZA,"GDP per capita, PPP (current international $)",NY.GDP.PCAP.PP.CD,11624.34078,11737.40124,11909.92982,12009.24821,11320.01882
East Asia & Pacific (excluding high income),EAP,"GDP per capita, PPP (current international $)",NY.GDP.PCAP.PP.CD,12238.56234,12903.42432,13964.98408,14935.62183,15169.48006
Early-demographic dividend,EAR,"GDP per capita, PPP (current international $)",NY.GDP.PCAP.PP.CD,8544.077412,8963.459458,9399.497851,9672.803865,9248.235143
East Asia & Pacific,EAS,"GDP per capita, PPP (current international $)",NY.GDP.PCAP.PP.CD,15562.63332,16277.5928,17369.10322,18315.56415,18446.88102
Europe & Central Asia (excluding high income),ECA,"GDP per capita, PPP (current international $)",NY.GDP.PCAP.PP.CD,19866.72766,21128.36282,22509.56176,22989.76926,22664.67535
Europe & Central Asia,ECS,"GDP per capita, PPP (current international $)",NY.GDP.PCAP.PP.CD,32401.30445,34073.93787,35761.04006,36972.37208,35606.4893
Ecuador,ECU,"GDP per capita, PPP (current international $)",NY.GDP.PCAP.PP.CD,11034.26918,11617.91222,11839.34324,11851.46541,10891.71474
"Egypt, Arab Rep.",EGY,"GDP per capita, PPP (current international $)",NY.GDP.PCAP.PP.CD,11192.37301,11014.48648,11639.23909,12260.72054,12602.30927
Euro area,EMU,"GDP per capita, PPP (current international $)",NY.GDP.PCAP.PP.CD,43533.23576,45609.50867,47565.66304,49463.32587,47061.66387
Eritrea,ERI,"GDP per capita, PPP (current international $)",NY.GDP.PCAP.PP.CD,,,,,
Spain,ESP,"GDP per capita, PPP (current international $)",NY.GDP.PCAP.PP.CD,37286.21343,39528.92539,40686.98547,42172.13171,38343.15522
Estonia,EST,"GDP per capita, PPP (current international $)",NY.GDP.PCAP.PP.CD,31312.7523,33821.93291,36158.81965,38294.47736,37925.1168
Ethiopia,ETH,"GDP per capita, PPP (current international $)",NY.GDP.PCAP.PP.CD,1878.812682,2021.562908,2154.020877,2315.34773,2421.909863
European Union,EUU,"GDP per capita, PPP (current international $)",NY.GDP.PCAP.PP.CD,40580.31663,42676.62943,44654.17225,46659.07535,44765.76953
Fragile and conflict affected situations,FCS,"GDP per capita, PPP (current international $)",NY.GDP.PCAP.PP.CD,4167.137083,4318.356284,4454.264268,4572.09936,4320.305399
Finland,FIN,"GDP per capita, PPP (current international $)",NY.GDP.PCAP.PP.CD,44934.44821,47570.13358,49706.59709,51521.33482,50810.52741
Fiji,FJI,"GDP per capita, PPP (current international $)",NY.GDP.PCAP.PP.CD,12631.9122,13429.30062,14178.5634,14262.99954,12074.34523
France,FRA,"GDP per capita, PPP (current international $)",NY.GDP.PCAP.PP.CD,42924.61363,44577.06457,46620.68448,49619.90971,46712.01011
Faroe Islands,FRO,"GDP per capita, PPP (current international $)",NY.GDP.PCAP.PP.CD,,,,,
"Micronesia, Fed. Sts.",FSM,"GDP per capita, PPP (current international $)",NY.GDP.PCAP.PP.CD,3373.957156,3490.130487,3544.00482,3612.097672,3551.992816
Gabon,GAB,"GDP per capita, PPP (current international $)",NY.GDP.PCAP.PP.CD,14286.1897,15006.84404,15097.69165,15577.91876,15100.74097
United Kingdom,GBR,"GDP per capita, PPP (current international $)",NY.GDP.PCAP.PP.CD,44635.29956,46372.3866,47863.2227,49333.71247,45852.68889
Georgia,GEO,"GDP per capita, PPP (current international $)",NY.GDP.PCAP.PP.CD,12858.4834,13589.70739,14595.63064,15623.15296,14761.47707
Ghana,GHA,"GDP per capita, PPP (current international $)",NY.GDP.PCAP.PP.CD,4992.730339,5115.90675,5442.872147,5774.333813,5742.293195
Gibraltar,GIB,"GDP per capita, PPP (current international $)",NY.GDP.PCAP.PP.CD,,,,,
Guinea,GIN,"GDP per capita, PPP (current international $)",NY.GDP.PCAP.PP.CD,2078.641003,2417.803795,2559.724766,2675.593695,2816.273247
"Gambia, The",GMB,"GDP per capita, PPP (current international $)",NY.GDP.PCAP.PP.CD,2068.747801,2072.646833,2209.892593,2319.001141,2274.20905
Guinea-Bissau,GNB,"GDP per capita, PPP (current international $)",NY.GDP.PCAP.PP.CD,1746.752746,1925.237737,1947.59676,2021.301943,1948.076635
Equatorial Guinea,GNQ,"GDP per capita, PPP (current international $)",NY.GDP.PCAP.PP.CD,20458.7786,22550.95816,20875.47821,19285.03625,17933.83998
Greece,GRC,"GDP per capita, PPP (current international $)",NY.GDP.PCAP.PP.CD,27511.80102,28604.86094,29652.93088,30841.70285,28377.39427
Grenada,GRD,"GDP per capita, PPP (current international $)",NY.GDP.PCAP.PP.CD,15025.68384,16217.49985,17231.51223,17580.90071,15277.56024
Greenland,GRL,"GDP per capita, PPP (current international $)",NY.GDP.PCAP.PP.CD,,,,,
Guatemala,GTM,"GDP per capita, PPP (current international $)",NY.GDP.PCAP.PP.CD,8221.746427,8322.21681,8665.347261,9019.256062,8850.373033
Guam,GUM,"GDP per capita, PPP (current international $)",NY.GDP.PCAP.PP.CD,,,,,
Guyana,GUY,"GDP per capita, PPP (current international $)",NY.GDP.PCAP.PP.CD,11296.76997,12005.4051,12777.16499,13635.42613,19697.24379
High income,HIC,"GDP per capita, PPP (current international $)",NY.GDP.PCAP.PP.CD,46989.77296,48880.14294,50938.7314,52560.36667,50766.789
"Hong Kong SAR, China",HKG,"GDP per capita, PPP (current international $)",NY.GDP.PCAP.PP.CD,57221.41376,59849.24818,62529.05749,62106.10088,59212.0506
Honduras,HND,"GDP per capita, PPP (current international $)",NY.GDP.PCAP.PP.CD,5147.245133,5561.994542,5816.747324,5978.764399,5418.215811
Heavily indebted poor countries (HIPC),HPC,"GDP per capita, PPP (current international $)",NY.GDP.PCAP.PP.CD,2447.713221,2527.344424,2623.204515,2709.728331,2674.646459
Croatia,HRV,"GDP per capita, PPP (current international $)",NY.GDP.PCAP.PP.CD,25210.8841,27154.08615,28960.38457,30989.58099,29133.98948
Haiti,HTI,"GDP per capita, PPP (current international $)",NY.GDP.PCAP.PP.CD,3084.033834,3153.299389,3241.303269,3203.300039,3094.041454
Hungary,HUN,"GDP per capita, PPP (current international $)",NY.GDP.PCAP.PP.CD,27947.63769,29501.12042,31862.88251,33961.56561,33253.88003
IBRD only,IBD,"GDP per capita, PPP (current international $)",NY.GDP.PCAP.PP.CD,11903.91912,12516.01654,13320.62149,13932.6745,13673.69484
IDA & IBRD total,IBT,"GDP per capita, PPP (current international $)",NY.GDP.PCAP.PP.CD,9784.657736,10252.66064,10873.382,11335.80867,11104.99266
IDA total,IDA,"GDP per capita, PPP (current international $)",NY.GDP.PCAP.PP.CD,3410.812041,3533.890274,3708.157093,3841.141059,3802.629254
IDA blend,IDB,"GDP per capita, PPP (current international $)",NY.GDP.PCAP.PP.CD,4730.53843,4845.825545,5045.510271,5134.299623,5019.085683
Indonesia,IDN,"GDP per capita, PPP (current international $)",NY.GDP.PCAP.PP.CD,10494.4738,10935.63172,11644.75854,12311.50327,12068.23975
IDA only,IDX,"GDP per capita, PPP (current international $)",NY.GDP.PCAP.PP.CD,2751.548183,2879.81446,3042.499543,3200.480927,3202.418671
Isle of Man,IMN,"GDP per capita, PPP (current international $)",NY.GDP.PCAP.PP.CD,,,,,
India,IND,"GDP per capita, PPP (current international $)",NY.GDP.PCAP.PP.CD,5839.864817,6182.922109,6675.361294,6997.863988,6501.526071
Not classified,INX,"GDP per capita, PPP (current international $)",NY.GDP.PCAP.PP.CD,,,,,
Ireland,IRL,"GDP per capita, PPP (current international $)",NY.GDP.PCAP.PP.CD,71498.60101,77749.20196,84665.60623,89550.72666,95237.2413
"Iran, Islamic Rep.",IRN,"GDP per capita, PPP (current international $)",NY.GDP.PCAP.PP.CD,14011.54971,14535.87358,13795.31747,12913.16284,13333.04659
Iraq,IRQ,"GDP per capita, PPP (current international $)",NY.GDP.PCAP.PP.CD,9428.606621,10526.37091,10809.47241,11398.04374,9503.185149
Iceland,ISL,"GDP per capita, PPP (current international $)",NY.GDP.PCAP.PP.CD,53480.39719,55638.49206,58317.43934,60132.71193,55224.6848
Israel,ISR,"GDP per capita, PPP (current international $)",NY.GDP.PCAP.PP.CD,37843.19463,39121.29583,40690.01183,42296.47503,42390.87755
Italy,ITA,"GDP per capita, PPP (current international $)",NY.GDP.PCAP.PP.CD,39926.95466,41581.12079,43119.35319,44950.93403,41890.20879
Jamaica,JAM,"GDP per capita, PPP (current international $)",NY.GDP.PCAP.PP.CD,9194.156739,9600.104746,9968.594493,10190.47465,9238.134165
Jordan,JOR,"GDP per capita, PPP (current international $)",NY.GDP.PCAP.PP.CD,9445.916863,10003.57498,10253.81745,10497.29792,10351.15251
Japan,JPN,"GDP per capita, PPP (current international $)",NY.GDP.PCAP.PP.CD,40623.01866,41505.08248,42386.39981,42896.33109,41732.86862
Kazakhstan,KAZ,"GDP per capita, PPP (current international $)",NY.GDP.PCAP.PP.CD,23818.82483,24862.96612,26157.65965,27466.22062,26744.41403
Kenya,KEN,"GDP per capita, PPP (current international $)",NY.GDP.PCAP.PP.CD,3930.893858,4203.585011,4443.179109,4641.080377,4576.200469
Kyrgyz Republic,KGZ,"GDP per capita, PPP (current international $)",NY.GDP.PCAP.PP.CD,4681.174733,5046.691535,5256.397922,5480.742698,4962.884505
Cambodia,KHM,"GDP per capita, PPP (current international $)",NY.GDP.PCAP.PP.CD,3675.03862,3928.373934,4259.203119,4574.403027,4419.83411
Kiribati,KIR,"GDP per capita, PPP (current international $)",NY.GDP.PCAP.PP.CD,2206.48776,2235.70736,2341.192329,2439.36493,2382.547288
St. Kitts and Nevis,KNA,"GDP per capita, PPP (current international $)",NY.GDP.PCAP.PP.CD,25893.51106,26982.92958,28159.27342,29812.595,25643.76649
"Korea, Rep.",KOR,"GDP per capita, PPP (current international $)",NY.GDP.PCAP.PP.CD,39575.45428,40957.41806,42487.04195,42849.47908,43319.2383
Kuwait,KWT,"GDP per capita, PPP (current international $)",NY.GDP.PCAP.PP.CD,44685.49743,50855.55291,51690.56896,51962.04776,47289.37168
Latin America & Caribbean (excluding high income),LAC,"GDP per capita, PPP (current international $)",NY.GDP.PCAP.PP.CD,14810.91594,15419.8205,15874.78708,16168.37907,15101.59191
Lao PDR,LAO,"GDP per capita, PPP (current international $)",NY.GDP.PCAP.PP.CD,6843.559583,7257.812107,7775.131876,8220.178873,8236.098391
Lebanon,LBN,"GDP per capita, PPP (current international $)",NY.GDP.PCAP.PP.CD,15535.50465,16043.0607,16054.36246,15179.58021,12114.06056
Liberia,LBR,"GDP per capita, PPP (current international $)",NY.GDP.PCAP.PP.CD,1429.792082,1564.197682,1581.039485,1531.920186,1467.811781
Libya,LBY,"GDP per capita, PPP (current international $)",NY.GDP.PCAP.PP.CD,11108.72368,13238.00054,15378.57276,15815.87691,10842.25253
St. Lucia,LCA,"GDP per capita, PPP (current international $)",NY.GDP.PCAP.PP.CD,14292.0817,14928.3961,15653.2998,15843.71599,12705.09815
Latin America & Caribbean,LCN,"GDP per capita, PPP (current international $)",NY.GDP.PCAP.PP.CD,15295.06179,15928.5587,16398.40092,16743.93403,15675.77161
Least developed countries: UN classification,LDC,"GDP per capita, PPP (current international $)",NY.GDP.PCAP.PP.CD,2712.24123,2837.966992,2979.962896,3122.242155,3118.976915
Low income,LIC,"GDP per capita, PPP (current international $)",NY.GDP.PCAP.PP.CD,1865.633078,1919.791697,1988.474916,2059.602141,2048.986537
Liechtenstein,LIE,"GDP per capita, PPP (current international $)",NY.GDP.PCAP.PP.CD,,,,,
Sri Lanka,LKA,"GDP per capita, PPP (current international $)",NY.GDP.PCAP.PP.CD,12224.21577,12584.10479,13169.0947,13622.86045,13219.68883
Lower middle income,LMC,"GDP per capita, PPP (current international $)",NY.GDP.PCAP.PP.CD,6436.754953,6728.309747,7125.00402,7416.113703,7133.315595
Low & middle income,LMY,"GDP per capita, PPP (current international $)",NY.GDP.PCAP.PP.CD,9537.62158,9992.687715,10601.93522,11048.0585,10821.9705
Lesotho,LSO,"GDP per capita, PPP (current international $)",NY.GDP.PCAP.PP.CD,2990.283703,2668.291425,2677.436314,2693.198373,2443.168125
Late-demographic dividend,LTE,"GDP per capita, PPP (current international $)",NY.GDP.PCAP.PP.CD,15120.2504,15944.63262,17153.69482,18145.38464,18217.5742
Lithuania,LTU,"GDP per capita, PPP (current international $)",NY.GDP.PCAP.PP.CD,30925.17085,33761.87124,36365.36049,38805.74943,39191.94871
Luxembourg,LUX,"GDP per capita, PPP (current international $)",NY.GDP.PCAP.PP.CD,113365.1761,114985.8422,117245.2789,119415.4698,118503.551
Latvia,LVA,"GDP per capita, PPP (current international $)",NY.GDP.PCAP.PP.CD,26721.7262,28673.5634,30811.07179,32240.80702,32212.39316
"Macao SAR, China",MAC,"GDP per capita, PPP (current international $)",NY.GDP.PCAP.PP.CD,114893.0153,126144.1041,135551.8079,132654.8967,60872.83896
St. Martin (French part),MAF,"GDP per capita, PPP (current international $)",NY.GDP.PCAP.PP.CD,,,,,
Morocco,MAR,"GDP per capita, PPP (current international $)",NY.GDP.PCAP.PP.CD,7113.0046,7312.056779,7625.735753,7856.245057,7296.158065
Monaco,MCO,"GDP per capita, PPP (current international $)",NY.GDP.PCAP.PP.CD,,,,,
Moldova,MDA,"GDP per capita, PPP (current international $)",NY.GDP.PCAP.PP.CD,10610.47784,11651.31745,12659.98366,13577.40658,12995.56041
Madagascar,MDG,"GDP per capita, PPP (current international $)",NY.GDP.PCAP.PP.CD,1606.667405,1584.424519,1630.189357,1687.069227,1543.585304
Maldives,MDV,"GDP per capita, PPP (current international $)",NY.GDP.PCAP.PP.CD,17411.34725,18057.91092,19245.08139,20335.58933,13438.47641
Middle East & North Africa,MEA,"GDP per capita, PPP (current international $)",NY.GDP.PCAP.PP.CD,15552.90183,16179.47865,16503.25349,16673.49675,16021.10559
Mexico,MEX,"GDP per capita, PPP (current international $)",NY.GDP.PCAP.PP.CD,19323.66587,19721.26098,20258.81045,20456.96437,18793.74454
Marshall Islands,MHL,"GDP per capita, PPP (current international $)",NY.GDP.PCAP.PP.CD,3548.86888,3711.896004,3912.698706,4219.79344,4146.393468
Middle income,MIC,"GDP per capita, PPP (current international $)",NY.GDP.PCAP.PP.CD,10363.56803,10874.14953,11556.27315,12059.96734,11827.0402
North Macedonia,MKD,"GDP per capita, PPP (current international $)",NY.GDP.PCAP.PP.CD,15137.96925,15706.46174,16725.81473,17724.02081,17015.22949
Mali,MLI,"GDP per capita, PPP (current international $)",NY.GDP.PCAP.PP.CD,2189.006622,2246.797421,2338.533676,2419.886841,2347.113815
Malta,MLT,"GDP per capita, PPP (current international $)",NY.GDP.PCAP.PP.CD,39886.9498,42644.05085,44482.23968,46766.76668,42640.1161
Myanmar,MMR,"GDP per capita, PPP (current international $)",NY.GDP.PCAP.PP.CD,4031.179736,4224.545031,4575.13099,4940.152499,5121.917559
Middle East & North Africa (excluding high income),MNA,"GDP per capita, PPP (current international $)",NY.GDP.PCAP.PP.CD,10149.42424,10446.03744,10593.14263,10665.43173,10323.57852
Montenegro,MNE,"GDP per capita, PPP (current international $)",NY.GDP.PCAP.PP.CD,18199.33029,19682.28335,21547.28254,23343.92817,20542.7146
Mongolia,MNG,"GDP per capita, PPP (current international $)",NY.GDP.PCAP.PP.CD,10737.48613,11366.30394,12317.44092,13014.1129,12362.34183
Northern Mariana Islands,MNP,"GDP per capita, PPP (current international $)",NY.GDP.PCAP.PP.CD,,,,,
Mozambique,MOZ,"GDP per capita, PPP (current international $)",NY.GDP.PCAP.PP.CD,1363.674953,1283.65987,1320.702265,1335.986411,1296.921395
Mauritania,MRT,"GDP per capita, PPP (current international $)",NY.GDP.PCAP.PP.CD,4700.106262,5108.549132,5318.085954,5569.995262,5388.078903
Mauritius,MUS,"GDP per capita, PPP (current international $)",NY.GDP.PCAP.PP.CD,20701.21897,21415.11611,22741.35132,23836.91689,20522.85994
Malawi,MWI,"GDP per capita, PPP (current international $)",NY.GDP.PCAP.PP.CD,1454.358941,1472.146868,1532.668475,1602.146782,1591.012708
Malaysia,MYS,"GDP per capita, PPP (current international $)",NY.GDP.PCAP.PP.CD,25546.12952,26661.50742,28239.50008,29623.40516,27913.28927
North America,NAC,"GDP per capita, PPP (current international $)",NY.GDP.PCAP.PP.CD,56863.84575,58922.10326,61761.99008,63781.39324,61832.17825
Namibia,NAM,"GDP per capita, PPP (current international $)",NY.GDP.PCAP.PP.CD,10427.12176,10171.4215,10329.65502,10227.58262,9294.624331
New Caledonia,NCL,"GDP per capita, PPP (current international $)",NY.GDP.PCAP.PP.CD,,,,,
Niger,NER,"GDP per capita, PPP (current international $)",NY.GDP.PCAP.PP.CD,1153.339689,1163.22617,1229.223782,1276.153883,1287.778851
Nigeria,NGA,"GDP per capita, PPP (current international $)",NY.GDP.PCAP.PP.CD,5234.679127,5190.356127,5278.848395,5352.679423,5184.480233
Nicaragua,NIC,"GDP per capita, PPP (current international $)",NY.GDP.PCAP.PP.CD,5694.054287,6004.014088,5867.243891,5682.215978,5567.647462
Netherlands,NLD,"GDP per capita, PPP (current international $)",NY.GDP.PCAP.PP.CD,52288.41508,55088.6338,57901.09701,59675.18034,59334.21484
Norway,NOR,"GDP per capita, PPP (current international $)",NY.GDP.PCAP.PP.CD,58939.91261,64050.75617,69710.48451,68345.06942,63287.60701
Nepal,NPL,"GDP per capita, PPP (current international $)",NY.GDP.PCAP.PP.CD,2989.675006,3565.197807,3864.322124,4119.922339,4007.012803
Nauru,NRU,"GDP per capita, PPP (current international $)",NY.GDP.PCAP.PP.CD,13645.41063,12975.39238,13963.76739,14099.48535,14334.83232
New Zealand,NZL,"GDP per capita, PPP (current international $)",NY.GDP.PCAP.PP.CD,39955.80303,42285.3199,43930.88142,45073.20308,44212.87648
OECD members,OED,"GDP per capita, PPP (current international $)",NY.GDP.PCAP.PP.CD,41795.78114,43389.81046,45106.00074,46426.67024,44822.96381
Oman,OMN,"GDP per capita, PPP (current international $)",NY.GDP.PCAP.PP.CD,28908.54054,29077.3636,29125.45574,28540.787,
Other small states,OSS,"GDP per capita, PPP (current international $)",NY.GDP.PCAP.PP.CD,21180.33828,22637.09591,23213.40061,23700.0785,22292.13099
Pakistan,PAK,"GDP per capita, PPP (current international $)",NY.GDP.PCAP.PP.CD,4410.006565,4571.205078,4853.266557,4896.393145,4811.097563
Panama,PAN,"GDP per capita, PPP (current international $)",NY.GDP.PCAP.PP.CD,27828.55571,30446.84957,31784.31449,32769.87032,26772.51154
Peru,PER,"GDP per capita, PPP (current international $)",NY.GDP.PCAP.PP.CD,12013.37739,12506.52938,13088.29584,13397.27392,11874.09814
Philippines,PHL,"GDP per capita, PPP (current international $)",NY.GDP.PCAP.PP.CD,7703.762275,8120.868793,8720.607379,9291.726915,8386.724327
Palau,PLW,"GDP per capita, PPP (current international $)",NY.GDP.PCAP.PP.CD,18127.48261,17770.562,18074.19995,17957.76774,16315.90752
Papua New Guinea,PNG,"GDP per capita, PPP (current international $)",NY.GDP.PCAP.PP.CD,4144.603632,4285.628756,4290.698282,4474.685805,4285.038164
Poland,POL,"GDP per capita, PPP (current international $)",NY.GDP.PCAP.PP.CD,28322.10698,30064.50348,31978.53115,34233.31567,34406.2351
Pre-demographic dividend,PRE,"GDP per capita, PPP (current international $)",NY.GDP.PCAP.PP.CD,3444.752447,3534.439411,3614.536398,3698.330329,3534.719007
Puerto Rico,PRI,"GDP per capita, PPP (current international $)",NY.GDP.PCAP.PP.CD,34346.86733,34363.75463,35122.88848,36276.84236,35264.09763
"Korea, Dem. People's Rep.",PRK,"GDP per capita, PPP (current international $)",NY.GDP.PCAP.PP.CD,,,,,
Portugal,PRT,"GDP per capita, PPP (current international $)",NY.GDP.PCAP.PP.CD,31607.75424,33044.71674,34931.7846,36945.14148,34090.73126
Paraguay,PRY,"GDP per capita, PPP (current international $)",NY.GDP.PCAP.PP.CD,12041.72354,12590.54844,13135.69887,13149.03857,13064.30933
West Bank and Gaza,PSE,"GDP per capita, PPP (current international $)",NY.GDP.PCAP.PP.CD,6305.391803,6401.740891,6469.909098,6509.568335,5687.826475
Pacific island small states,PSS,"GDP per capita, PPP (current international $)",NY.GDP.PCAP.PP.CD,6958.134089,7291.233373,7589.694513,7649.569374,6738.158403
Post-demographic dividend,PST,"GDP per capita, PPP (current international $)",NY.GDP.PCAP.PP.CD,45762.15178,47588.82824,49644.77257,51243.88473,49400.34142
French Polynesia,PYF,"GDP per capita, PPP (current international $)",NY.GDP.PCAP.PP.CD,,,,,
Qatar,QAT,"GDP per capita, PPP (current international $)",NY.GDP.PCAP.PP.CD,83102.3505,91738.7528,93154.2349,93771.12531,89935.26785
Romania,ROU,"GDP per capita, PPP (current international $)",NY.GDP.PCAP.PP.CD,24271.3661,27141.91933,29248.80932,32323.86684,31945.74966
Russian Federation,RUS,"GDP per capita, PPP (current international $)",NY.GDP.PCAP.PP.CD,24128.08641,25926.44385,28681.78446,29188.85416,28213.44784
Rwanda,RWA,"GDP per capita, PPP (current international $)",NY.GDP.PCAP.PP.CD,1882.37238,1975.248661,2138.899699,2321.71859,2213.003654
South Asia,SAS,"GDP per capita, PPP (current international $)",NY.GDP.PCAP.PP.CD,5458.397245,5773.980601,6218.553742,6508.00716,6130.752661
Saudi Arabia,SAU,"GDP per capita, PPP (current international $)",NY.GDP.PCAP.PP.CD,45484.43843,47306.22232,48735.4605,48948.174,46742.24456
Sudan,SDN,"GDP per capita, PPP (current international $)",NY.GDP.PCAP.PP.CD,4503.773122,4327.782553,4448.841229,4362.609427,4243.781936
Senegal,SEN,"GDP per capita, PPP (current international $)",NY.GDP.PCAP.PP.CD,3075.937351,3203.906368,3388.946311,3503.617548,3501.515601
Singapore,SGP,"GDP per capita, PPP (current international $)",NY.GDP.PCAP.PP.CD,89417.34902,95350.43567,100581.158,102573.4018,98483.342
Solomon Islands,SLB,"GDP per capita, PPP (current international $)",NY.GDP.PCAP.PP.CD,2548.629965,2663.939508,2762.416412,2773.512363,2618.086198
Sierra Leone,SLE,"GDP per capita, PPP (current international $)",NY.GDP.PCAP.PP.CD,1596.618799,1633.730738,1694.326473,1777.303893,1726.461867
El Salvador,SLV,"GDP per capita, PPP (current international $)",NY.GDP.PCAP.PP.CD,8038.629794,8454.052167,8822.550774,9147.261066,8417.350529
San Marino,SMR,"GDP per capita, PPP (current international $)",NY.GDP.PCAP.PP.CD,57455.56337,58867.01336,61006.8482,63420.32714,
Somalia,SOM,"GDP per capita, PPP (current international $)",NY.GDP.PCAP.PP.CD,862.1464344,867.4542909,920.4500757,980.2747521,986.7254508
Serbia,SRB,"GDP per capita, PPP (current international $)",NY.GDP.PCAP.PP.CD,15858.03564,16611.01686,17736.0068,18944.29551,19366.75554
Sub-Saharan Africa (excluding high income),SSA,"GDP per capita, PPP (current international $)",NY.GDP.PCAP.PP.CD,3799.14977,3863.454947,3963.38532,4035.192981,3902.442917
South Sudan,SSD,"GDP per capita, PPP (current international $)",NY.GDP.PCAP.PP.CD,,,,,
Sub-Saharan Africa,SSF,"GDP per capita, PPP (current international $)",NY.GDP.PCAP.PP.CD,3801.175604,3865.594862,3965.55928,4037.37496,3904.335905
Small states,SST,"GDP per capita, PPP (current international $)",NY.GDP.PCAP.PP.CD,19197.21185,20440.67286,21020.89891,21465.97273,20168.82742
Sao Tome and Principe,STP,"GDP per capita, PPP (current international $)",NY.GDP.PCAP.PP.CD,3889.527518,3952.945394,4089.156666,4174.727272,4272.250469
Suriname,SUR,"GDP per capita, PPP (current international $)",NY.GDP.PCAP.PP.CD,15062.44129,18283.68839,19461.97652,19841.80781,16728.51575
Slovak Republic,SVK,"GDP per capita, PPP (current international $)",NY.GDP.PCAP.PP.CD,29645.74189,30061.55147,31530.92023,32608.3608,32014.55326
Slovenia,SVN,"GDP per capita, PPP (current international $)",NY.GDP.PCAP.PP.CD,33936.04406,36507.55304,38917.04712,41197.3781,40124.26023
Sweden,SWE,"GDP per capita, PPP (current international $)",NY.GDP.PCAP.PP.CD,50430.25282,51947.95425,53553.31245,55337.87456,54929.52734
Eswatini,SWZ,"GDP per capita, PPP (current international $)",NY.GDP.PCAP.PP.CD,8705.84317,8408.035915,8725.162793,9018.854282,8862.438736
Sint Maarten (Dutch part),SXM,"GDP per capita, PPP (current international $)",NY.GDP.PCAP.PP.CD,38230.03186,37914.12297,36190.66391,,
Seychelles,SYC,"GDP per capita, PPP (current international $)",NY.GDP.PCAP.PP.CD,25681.31271,27309.76211,28190.47687,28778.79144,25758.01744
Syrian Arab Republic,SYR,"GDP per capita, PPP (current international $)",NY.GDP.PCAP.PP.CD,,,,,
Turks and Caicos Islands,TCA,"GDP per capita, PPP (current international $)",NY.GDP.PCAP.PP.CD,26353.17023,27060.58966,28837.02644,30488.10517,22277.49785
Chad,TCD,"GDP per capita, PPP (current international $)",NY.GDP.PCAP.PP.CD,1664.512586,1587.032328,1614.168287,1646.428391,1601.761727
East Asia & Pacific (IDA & IBRD countries),TEA,"GDP per capita, PPP (current international $)",NY.GDP.PCAP.PP.CD,12375.26928,13047.0841,14120.12069,15101.30117,15337.65515
Europe & Central Asia (IDA & IBRD countries),TEC,"GDP per capita, PPP (current international $)",NY.GDP.PCAP.PP.CD,20621.89099,21925.39797,23350.52017,23986.72961,23685.6422
Togo,TGO,"GDP per capita, PPP (current international $)",NY.GDP.PCAP.PP.CD,1954.203573,2012.240693,2110.82642,2211.634935,2222.670302
Thailand,THA,"GDP per capita, PPP (current international $)",NY.GDP.PCAP.PP.CD,16616.195,17422.95235,18530.21179,19233.86592,18226.0057
Tajikistan,TJK,"GDP per capita, PPP (current international $)",NY.GDP.PCAP.PP.CD,3114.895558,3252.932655,3497.32358,3732.869068,3856.76065
Turkmenistan,TKM,"GDP per capita, PPP (current international $)",NY.GDP.PCAP.PP.CD,13862.27557,14205.02651,15201.77857,16195.53879,
Latin America & the Caribbean (IDA & IBRD countries),TLA,"GDP per capita, PPP (current international $)",NY.GDP.PCAP.PP.CD,15209.33118,15849.08287,16320.50412,16660.36495,15592.81656
Timor-Leste,TLS,"GDP per capita, PPP (current international $)",NY.GDP.PCAP.PP.CD,3130.590713,3177.485137,3168.419259,3780.044946,4139.750669
Middle East & North Africa (IDA & IBRD countries),TMN,"GDP per capita, PPP (current international $)",NY.GDP.PCAP.PP.CD,10196.2097,10495.40885,10643.8919,10716.98867,10381.57595
Tonga,TON,"GDP per capita, PPP (current international $)",NY.GDP.PCAP.PP.CD,6195.840299,6467.124278,6565.223215,6647.858999,6692.649681
South Asia (IDA & IBRD),TSA,"GDP per capita, PPP (current international $)",NY.GDP.PCAP.PP.CD,5458.397245,5773.980601,6218.553742,6508.00716,6130.752661
Sub-Saharan Africa (IDA & IBRD countries),TSS,"GDP per capita, PPP (current international $)",NY.GDP.PCAP.PP.CD,3801.175604,3865.594862,3965.55928,4037.37496,3904.335905
Trinidad and Tobago,TTO,"GDP per capita, PPP (current international $)",NY.GDP.PCAP.PP.CD,26389.74167,26342.61666,26880.63872,26920.14473,25014.37676
Tunisia,TUN,"GDP per capita, PPP (current international $)",NY.GDP.PCAP.PP.CD,10993.62548,11234.48972,11658.72682,11899.95639,10818.81689
Turkey,TUR,"GDP per capita, PPP (current international $)",NY.GDP.PCAP.PP.CD,26512.01695,27913.81872,27946.36185,27303.22897,28113.73658
Tuvalu,TUV,"GDP per capita, PPP (current international $)",NY.GDP.PCAP.PP.CD,3717.917274,3896.748473,4040.295911,4455.542635,4651.221147
Tanzania,TZA,"GDP per capita, PPP (current international $)",NY.GDP.PCAP.PP.CD,2479.3341,2530.603317,2652.391378,2772.929448,2780.055548
Uganda,UGA,"GDP per capita, PPP (current international $)",NY.GDP.PCAP.PP.CD,2092.475566,2074.652436,2175.808063,2275.214456,2293.480728
Ukraine,UKR,"GDP per capita, PPP (current international $)",NY.GDP.PCAP.PP.CD,11148.19655,11871.12362,12634.23555,13350.48232,13056.70207
Upper middle income,UMC,"GDP per capita, PPP (current international $)",NY.GDP.PCAP.PP.CD,15377.67274,16203.80089,17296.12505,18124.69183,18013.82802
Uruguay,URY,"GDP per capita, PPP (current international $)",NY.GDP.PCAP.PP.CD,22454.39483,23009.87423,23588.15139,24006.78694,22785.19992
United States,USA,"GDP per capita, PPP (current international $)",NY.GDP.PCAP.PP.CD,58021.4005,60109.65573,63064.41841,65279.52903,63413.51386
Uzbekistan,UZB,"GDP per capita, PPP (current international $)",NY.GDP.PCAP.PP.CD,6796.904892,6840.70986,7252.985197,7658.899559,7731.144448
St. Vincent and the Grenadines,VCT,"GDP per capita, PPP (current international $)",NY.GDP.PCAP.PP.CD,12456.04375,12245.12634,12765.30772,13017.33683,12700.28743
"Venezuela, RB",VEN,"GDP per capita, PPP (current international $)",NY.GDP.PCAP.PP.CD,,,,,
British Virgin Islands,VGB,"GDP per capita, PPP (current international $)",NY.GDP.PCAP.PP.CD,,,,,
Virgin Islands (U.S.),VIR,"GDP per capita, PPP (current international $)",NY.GDP.PCAP.PP.CD,,,,,
Vietnam,VNM,"GDP per capita, PPP (current international $)",NY.GDP.PCAP.PP.CD,6572.976234,7155.443187,7768.080218,8381.23932,8646.912276
Vanuatu,VUT,"GDP per capita, PPP (current international $)",NY.GDP.PCAP.PP.CD,2918.596027,3081.835198,3167.734975,3269.91478,3009.733927
World,WLD,"GDP per capita, PPP (current international $)",NY.GDP.PCAP.PP.CD,15560.67985,16207.49916,17008.3166,17598.44141,17082.78759
Samoa,WSM,"GDP per capita, PPP (current international $)",NY.GDP.PCAP.PP.CD,6330.806285,6489.776786,6537.875205,6912.03646,6766.228447
Kosovo,XKX,"GDP per capita, PPP (current international $)",NY.GDP.PCAP.PP.CD,10007.68923,10436.16885,11013.39708,11797.11932,11383.40473
"Yemen, Rep.",YEM,"GDP per capita, PPP (current international $)",NY.GDP.PCAP.PP.CD,,,,,
South Africa,ZAF,"GDP per capita, PPP (current international $)",NY.GDP.PCAP.PP.CD,13748.46142,13860.27017,14209.09383,14289.76,13355.59871
Zambia,ZMB,"GDP per capita, PPP (current international $)",NY.GDP.PCAP.PP.CD,3404.67399,3485.02178,3606.097632,3617.200014,3456.322534
Zimbabwe,ZWE,"GDP per capita, PPP (current international $)",NY.GDP.PCAP.PP.CD,2806.469032,3795.642431,4017.221716,3783.547898,3536.034132
